{"std": 0.0053490820420751565, "rmse": 0.01130125473384262, "sse": 0.12503627302945702, "max": 0.03053621835563806, "min": 9.31438313131898e-05, "median": 0.009873615209496317, "mean": 0.009955183567687202}